{"cameraMode":{"drawMode":0,"name":"Shaded","section":"Shading Mode"},"sceneLighting":true,"audioPlay":false,"sceneViewState":{"showFog":true,"showMaterialUpdate":false,"showSkybox":true,"showFlares":true,"showImageEffects":true,"showParticleSystems":true},"in2DMode":false,"pivot":{"x":-12.979412078857422,"y":-14.496477127075196,"z":-5.408661842346191},"rotation":{"x":-0.2698829770088196,"y":0.6956307291984558,"z":-0.3222443163394928,"w":-0.5825978517532349},"size":17.055622100830079,"orthographic":false}